[{
  "Eliotrope": {
    "Wakméha": 4,
    "Pulsation": 2,
    "Déluge": 3,
    "Tourbillon": 2,
    "Cataclysme": 5,
    "Targe fracassante": 3,
    "Egide ardente": 3,
    "Séisme": 4,
    "Heurt": 4,
    "Raclée": 3,
    "Flux torrentiel": 4,
    "Siphon": 2,
    "Salve éthérée": 3,
    "Tempête": 5,
    "Lame déchaînée": 5,
    "Exaltation": 0,
    "Incandescence": 1
  },
  "Iop": {
    "Épée céleste": 2,
    "Fulgur": 3,
    "Super Iop Punch": 4,
    "Colère de Iop": 6,
    "Jugement": 1,
    "Ébranler": 2,
    "Roknocerok": 4,
    "Fendoir": 3,
    "Charge": 1,
    "Ravage": 5,
    "Jabs": 3,
    "Rafale": 1,
    "Torgnole": 2,
    "Tannée": 4,
    "Épée de Iop": 3
  },
  "Sram": {
    "Premier Sang": 2,
    "Châtiment": 4,
    "Ouvrir les veines": 2,
    "Saignée mortelle": 3,
    "Mise à mort": 6,
    "Kleptosram": 5,
    "Filouterie": 4,
    "Attaque perfide": 3,
    "Escrosramerie": 3,
    "Arnaque": 2,
    "Coup pénétrant": 4,
    "Peur": 2,
    "Fourberie": 3,
    "Coup Sournois": 3,
    "Traumatisme": 3
  },
  "Cra": {
    "Flèche chercheuse": 2,
    "Flèche de recul": 3,
    "Flèche tempête": 3,
    "Flèche harcelante": 4,
    "Flèche statique": 5,
    "Flèche fulminante": 3,
    "Flèche d'immolation": 2,
    "Flèche enflammée": 4,
    "Flèche explosive": 5,
    "Flèche cinglante": 3,
    "Pluie de flèches": 4,
    "Flèche perçante": 5,
    "Flèche destructrice": 6,
    "Flèche lumineuse": 1,
    "Flèche criblante": 3
  },
  "Sacrieur":{
    "Sang pour sang": 3,
    "Furie sanguinaire": 2,
    "Sang brûlant": 4,
    "Cage de sang": 4,
    "Punition": 0,
    "Aversion": 4,
    "Projection": 2,
    "Assaut": 1,
    "Tempête spirituelle": 3,
    "Fulgurance": 3,
    "Pied rocheux": 3,
    "Poing tatoué agrippant": 2,
    "Démence": 2,
    "Colonnades": 5,
    "Fracasse": 4
  },
  "Écaflip": {
    "Langue rapeuse": 3,
    "Lacérations": 4,
    "Capucine": 4,
    "Bas les pattes": 2,
    "Pupuce": 4,
    "Craps": 2,
    "Dé du chateux": 3,
    "Dé six": 6,
    "Roulette à dés": 5,
    "Feulement": 6,
    "Pile ou face": 3,
    "All in": 10,
    "Bataille": 4,
    "Tout ou rien": 2,
    "Trois cartes": 5
  },
  "Ouginak": {
    "Emeute": 3,
    "Fléau": 4,
    "Rupture": 2,
    "Plombage": 3,
    "Balafre": 5,
    "Croc-en-jambe": 2,
    "Bastonnade": 3,
    "Molosse": 4,
    "Hachure": 3,
    "Saccade": 4,
    "Balayage": 4,
    "Contusion": 3,
    "Cador": 3,
    "Brise'Os": 2,
    "Baroud": 6
  },
  "Féca": {
    "Goutte": 2,
    "Onde": 2,
    "Avalanche": 3,
    "Orage": 3,
    "Lame de fond": 2,
    "Fécalistofedes": 5,
    "Météorite": 3,
    "Attaque naturelle": 3,
    "Magma": 2,
    "Volcan": 4,
    "Frappe tellurique": 4,
    "Orbe défensif": 3,
    "Bastion": 2,
    "Rempart": 3,
    "Bâton": 5
  },
  "Osamodas": {
    "Fouet": 4,
    "Déplumage": 3,
    "Transfert": 3,
    "Souffle répulsif": 2,
    "Tornade de plumes": 3,
    "Corbeau incendiaire": 3,
    "Fouet enflammé": 2,
    "Tornade de flammes": 4,
    "Attisement": 3,
    "Souffle du dragon": 5,
    "Tempête de sable": 4,
    "Pesanteur": 2,
    "Empalement": 5,
    "Gambade": 3,
    "Frappe du craqueleur": 4
  },
  "Enutrof": {
    "Filouterie": 2,
    "Purge": 3,
    "Coupures": 3,
    "Taxe": 4,
    "Epuration": 5,
    "Braise": 3,
    "Météore": 2,
    "Fusion": 3,
    "Coup de grisou": 4,
    "Coulée de lave": 5,
    "Pelle du jugement": 2,
    "Pelle tueuse": 3,
    "Roulage de pelle": 3,
    "Pelle mêle": 4,
    "Pelle sismique": 5
  },
  "Xélor": {
    "Martel'heure": 3,
    "Ralentissement": 1,
    "Horloge": 5,
    "Sablier": 3,
    "Désynchronisation": 4,
    "Pointe-heure": 2,
    "Tempus fugit": 3,
    "Paradoxe": 4,
    "Symétrie": 3,
    "Retour spontané": 3,
    "Perturbation": 3,
    "Suspension": 4,
    "Éclair obscur": 5,
    "Aiguille": 4,
    "Poussière": 3
  },
  "Eniripsa": {
    "Vivification": 2,
    "Mot soignant": 3,
    "Infusion": 4,
    "Revitalisation": 3,
    "Reconstitution": 5,
    "Anatomie": 3,
    "Psychose": 3,
    "Colli-mateur": 2,
    "Fiole infectée": 4,
    "Torpeur": 5,
    "Explo-soin": 3,
    "Cure alternative": 2,
    "Feu gardien": 4,
    "Corro-soin": 5,
    "Flamme purificatrice": 3
  },
  "Sadida": {
    "Vaporiser": 2,
    "Larme du Sadida": 3,
    "Gadoule": 3,
    "Rouille": 4,
    "Drainage": 5,
    "Bourrasque": 2,
    "Vent Empoisonné": 2,
    "Coup de Froid": 4,
    "Kohmir": 3,
    "Relent Boisé": 3,
    "Ronce": 3,
    "Engrais": 4,
    "Herbes Folles": 2,
    "Tremblement de Terre": 3,
    "Ronces Multiples": 5
  },
  "Pandawa": {
    "Souffle Laiteux": 2,
    "Nuage Laiteux": 4,
    "Tekilait": 3,
    "Vague de Lait": 6,
    "Fontaine de Laiqueur": 5,
    "Souffle Enflammé": 2,
    "Tournée Générale": 3,
    "Coup Laiteux": 2,
    "Flasque Explosive": 4,
    "Toilaitage": 5,
    "Triple Karma Leet": 2,
    "Six Roses": 4,
    "Frappe Fût": 2,
    "Lucha L'ambrée": 4,
    "Blitzkriek": 6
  },
  "Roublard": {
    "Mitraille": 3,
    "Tromblon": 4,
    "Balle plombante": 5,
    "Dague boomerang": 3,
    "Pulsar": 2,
    "Coup rapide": 2,
    "Tricherie": 3,
    "Espingole": 5,
    "Longue lame": 6,
    "Oblitération": 4,
    "Barbrûlé": 2,
    "Bombe collante": 2,
    "Exécution": 4,
    "Croisement": 3,
    "Perforation": 6
  },
  "Zobal": {
    "Signe": 2,
    "Armature": 4,
    "Rescousse": 3,
    "Acharnement": 5,
    "Sarabande": 5,
    "Fugue": 3,
    "Culbute": 2,
    "Cavalcade": 2,
    "Dislocation": 4,
    "Coup de pied fouetté": 3,
    "Félure": 3,
    "Détraquage": 4,
    "Névrose": 4,
    "Cabriole": 6
  },
  "Steamer": {
    "Courant": 3,
    "Évaporation": 4,
    "Ecume": 3,
    "Flibuste": 3,
    "Dissolution": 4,
    "À la masse": 3,
    "Piétinement": 3,
    "Pilonnage": 2,
    "Marteau aimant": 4,
    "Choc": 6,
    "Feu ardent": 2,
    "Crache flammes": 4,
    "Calcination": 4,
    "Flambage": 3,
    "Sabordage": 5
  },
  "Huppermage": {
    "Flux d'énergie": 2,
    "Disque luminescent": 2,
    "Résonance": 4,
    "Lueur de l'aube": 2,
    "Rayon crépusculaire": 4,
    "Averse": 2,
    "Débâcle": 2,
    "Flèche de lumière": 6,
    "Vestige": 2,
    "Larmes scintillantes": 3,
    "Éboulement": 2,
    "Faille": 2,
    "Faisceau de lune": 4,
    "Feuillure": 2,
    "Épée de lumière": 2,
    "Papillons diurnes": 2,
    "Ombres dansantes": 2,
    "Orbes luisants": 3,
    "Mirage": 2,
    "Halo Chatoyant": 2
  }
}]